Name,Gender
John,Male
Mary,Female
Michael,Male
Jennifer,Female
David,Male
Linda,Female
William,Male
Patricia,Female
James,Male
Elizabeth,Female
Joseph,Male
Susan,Female
Charles,Male
Jessica,Female
Thomas,Male
Sarah,Female
Robert,Male
Karen,Female
Mark,Male
Nancy,Female
Richard,Male
Lisa,Female
Daniel,Male
Betty,Female
Matthew,Male
Dorothy,Female
Donald,Male
Sandra,Female
George,Male
Ashley,Female
Edward,Male
Kimberly,Female
Brian,Male
Donna,Female
Ronald,Male
Emily,Female
Anthony,Male
Carol,Female
Paul,Male
Michelle,Female
Kenneth,Male
Amanda,Female
Steven,Male
Melissa,Female
Kevin,Male
Laura,Female
Jason,Male
Deborah,Female
William,Male
Susan,Female
Shibil,Male
Nihal,Male
Basheer,Male
Shibila,Female
Afeefa,Female
Arya,Female
Rahul,Male
Priya,Female
Anil,Male
Sneha,Female
Sanjay,Male
Meera,Female
Vishnu,Male
Kavya,Female
Suresh,Male
Shreya,Female
Ajay,Male
Nithya,Female
Rajesh,Male
Deepa,Female
Vinod,Male
Parvathy,Female
Ravi,Male
Lakshmi,Female
Kiran,Male
Ahmed,Male
Fatima,Female
Ibrahim,Male
Aisha,Female
Mohammed,Male
Zainab,Female
Yusuf,Male
Mariam,Female
Hassan,Male
Nasreen,Female
Abdul,Male
Nadia,Female
Ali,Male
Sofia,Female
Hussein,Male
Amina,Female
Mustafa,Male
Sumaya,Female
Khalid,Male
Sara,Female
Jamal,Male
Nour,Female
Sufiyan,Male
Sufiyana,Female
Bushara,Female
Hajara,Female
Shana,Female
Musthafa,Male
Fathima,Female
John Doe,Male
Mary Smith,Female
David Johnson,Male
Maria Garcia,Female
Mohammed Ahmed,Male
Fatima Khan,Female
Michael Williams,Male
Lakshmi Singh,Female
William Brown,Male
Hana Patel,Female
Jose Lopez,Male
Sakura Kim,Female
Ahmed Ali,Male
Mei Chen,Female
Robert Miller,Male
Sofia Rodriguez,Female
Juan Martinez,Male
Yuki Sato,Female
Anna Ivanova,Female
Rajesh Kumar,Male
Priya Sharma,Female
Rahul Gupta,Male
Neha Verma,Female
Vijay Reddy,Male
Aisha Malik,Female
Sanjay Chaudhary,Male
Pooja Agarwal,Female
Anand Jha,Male
Kavita Yadav,Female
Gopal Shukla,Male
Sushma Mehta,Female
Ahamed,Male
Hiroshi Tanaka,Male
Akiko Suzuki,Female
Takashi Yamamoto,Male
Yumi Nakamura,Female
Wei Chen,Male
Li Zhang,Female
Hui Wang,Male
Xiaoyan Li,Female
Jiang Wu,Male
Yan Zhao,Female
Ling Liu,Male
Mei Ling,Female
Ahmad Al-Mansoori,Male
Fatima Hassan,Female
Mohammed Abdullah,Male
Layla Ahmed,Female
Ali Al Sayed,Male
Amina Khalid,Female
Omar Al Mazroui,Male
Nadia Ibrahim,Female
Khaled Al Obaid,Male
Samira Ahmed,Female
Saad Al Rashid,Male
Farida Hassan,Female
Karim Al Qasimi,Male
Leila Ali,Female
Yousef Al Malik,Male
Jamila Khan,Female
Ibrahim Al Farsi,Male
Sanaa Khalifa,Female
Hamza Al Gharib,Male
Amira Hamed,Female
Tariq Al Saadi,Male
Randa Nasser,Female
Lekha Nair,Female
Arun Kumar,Male
Deepa Raj,Female
Prakash Pillai,Male
Anu Thomas,Female
Ravi Menon,Male
Shiny Mathew,Female
Ramesh Nair,Male
Gita Pillai,Female
Sunil Kumar,Male
Maya Devi,Female
Rajeev Menon,Male
Latha Soman,Female
Ajit Nair,Male
Sarita Raghavan,Female
Vikram Nair,Male
Rekha Suresh,Female
Ajay Kumar,Male
Sheela Nair,Female
Manoj Kumar,Male
Sreeja Soman,Female
Suresh Menon,Male
Zabreena,Female
Safwan,Male
Jijoy,Male
Henna,Female
Fenna,Female
Liya Fathima,Female
Sheyz Mohammed,Male
Saidalavi,Male
Majeed,Male
Maajid,Male
Mohammed Fasil,Male
Jaseel,Male
Sabeel,Male
Mohammed Nihal,Male
Manzoor,Male
Hajara,Female
Mansoora,Female
Afeefa Sherin,Female
Sherin,Female
Bilu,Female
Silu,Female
Nafeesha,Female
Shaguftha,Female
Daburnus,Male
Mamooty,Male
Mohanlal,Male
Sideeq,Male
Ajmal,Male
Afi,Female
Rasheeda,Female
Rasheed,Male
Shaz,Male
Jabir,Male
Salman,Male
Mohammed Shaheem,Male
Vadood,Male
Nishab,Male
Fayis,Male
Salih,Male
Tovino,Male
Thomas,Male
Ansaad,Male
Adil,Male
Prithvi,Male
Raj,Male
Rani,Female
Malika,Female
Mali,Female
Rajila,Female
Kunjipa,Male
Molu,Female
Monu,Male
Manu,Male
Malu,Female
Bappu,Male
Kadeeja,Female
Shaana,Female
Sahman,Male
Mashood,Male
Midlaj,Male
Tim,Male
Megana,Female
Ajmal,Male
Ashif,Male
Asif,Male
Salaahu,Male
Salahudeen,Male
Sinan,Male
Shuhaif,Male
Jasid,Male
Abid,Male
Adhila,Female
Shahas,Male
Ansira,Female
Karthik,Male
Shahal,Male
Fairs Nisar,Male
Savood,Male
Athif Mohammed,Male
Fayona,Female
Shezin,Male
Muhamed Fayas,Male
Afsa,Female
Sameera,Female
Sulaikha,Female
Suharabi,Female
Surumi,Female
Suhana,Female
Susan Thomas,Female
Ana,Female
Minnu,Female
Minha,Female
Minhaj,Male








